scenario,Q,N_equals_Q_times_delta_E,yes_shares_to_buy,entry_probability_p,upfront_cost,cost_as_pct_of_Q,profit_if_yes,modeled_TAN_dollar_move_if_yes,net_modeled_move_if_yes
Q_retail,100000.0,-23420.197593491,23420.197593491,0.5855,13712.525690988981,0.1371252569098898,9707.67190250202,-9707.67190250202,0.0
Q_inst,50000000.0,-11710098.7967455,11710098.7967455,0.5855,6856262.84549449,0.1371252569098898,4853835.9512510095,-4853835.9512510095,0.0
