metric,Q_retail,Q_inst
Total friction (% of Q),0.017962928465279398,0.21121182505135364
