metric,Q_retail,Q_inst
Total friction (% of Q),0.017960091197566145,0.20990759570395062
