realized_delta_E_error_5day,predicted_move,realized_1day_move,realized_5day_move,additional_lagged_move,five_to_one_day_magnitude_ratio
1.1035545080236033,-0.09707671902502019,-0.13350401305961546,-0.20420616992922191,-0.07070215686960646,1.5295882516882455
