horizon,predicted_market_adjusted_move,realized_TAN_return,realized_SPY_return,realized_market_adjusted_move,estimation_error
Nov 4 close → Nov 6 close,-0.09871613285656465,-0.09323278366404752,0.037258080895809176,-0.1304908645598567,0.3218798263649671
Nov 4 close → Nov 12 close,-0.09871613285656465,-0.1548198760383871,0.047542365460877534,-0.20236224149926463,1.0499409330924523
