Component,Institutional (% of Q),Retail (% of Q)
Phase 2: ΔE estimation error,-3.3414145534836597,-3.3414145534836597
p_s ≠ p convergence (5-day minus 1-day),-7.187137693940793,-7.187137693940793
Phase 3: friction,-0.21121182505135372,-0.0179629284652794
Total hedged residual,-10.739764072475806,-10.54651517588973
